Aaron,Gordon,22
Abdel,Nader,2
Al,Horford,2
Al,Jefferson,12
Al-Farouq,Aminu,25
Alec,Burks,29
Alec,Peters,24
Alex,Abrines,21
Alex,Caruso,14
Alex,Len,24
Alex,Poythress,12
Alfonzo,McKinnie,28
Allen,Crabbe,3
Amir,Johnson,23
Andre,Drummond,9
Andre,Iguodala,10
Andre,Iguodala,10
Andre,Roberson,21
Andrew,Bogut,14
Andrew,Harrison,15
Andrew,Wiggins,18
Ante,Zizic,6
Anthony,Davis,19
Anthony,Tolliver,9
Antonio,Blakeney,5
Aron,Baynes,2
Arron,Afflalo,22
Austin,Rivers,13
Avery,Bradley,9
Bam,Adebayo,16
Ben,Simmons,23
Bismack,Biyombo,22
Blake,Griffin,13
Boban,Marjanovic,9
Bobby,Brown,11
Bojan,Bogdanovic,12
Bradley,Beal,30
Brandan,Wright,15
Brandon,Ingram,14
Brandon,Paul,27
Brice,Johnson,13
Brook,Lopez,14
Bruno,Caboclo,28
Bryn,Forbes,27
Buddy,Hield,26
Caleb,Swanigan,25
Caris,LeVert,3
Carmelo,Anthony,21
Cedi,Osman,6
Chandler,Parsons,15
Channing,Frye,6
Cheick,Diallo,19
Chris,Paul,11
CJ,McCollum,25
CJ,Miles,28
Clint,Capela,11
Cody,Zeller,4
Corey,Brewer,14
Cory,Joseph,12
Courtney,Lee,20
Cristiano,Felicio,5
D.J.,Augustin,22
D.J.,Wilson,17
DAngelo,Russell,3
Dakari,Johnson,21
Damian,Lillard,25
Damien,Wilkins,12
Damyean,Dotson,20
Daniel,Theis,2
Danilo,Gallinari,13
Danny,Green,27
Dante,Cunningham,19
Dario,Saric,23
Darius,Miller,19
Darren,Collison,12
David,Nwaba,5
David,West,10
Davis,Bertans,27
DeAaron,Fox,26
DeAndre,Jordan,13
DeAndre,Liggins,17
DeAndre,Bembry,1
Dejounte,Murray,27
Delon,Wright,28
DeMar,DeRozan,28
DeMarcus,Cousins,19
DeMarre,Carroll,3
Demetrius,Jackson,11
Dennis,Schroder,1
Dennis,Smith,7
Denzel,Valentine,5
Derrick,Favors,29
Derrick,Jones,24
Derrick,Rose,6
Derrick,White,27
Devin,Booker,24
Devin,Harris,7
Dewayne,Dedmon,1
Dillon,Brooks,15
Dion,Waiters,16
Dirk,Nowitzki,7
Domantas,Sabonis,12
Donovan,Mitchell,29
Dorian,Finney-Smith,7
Doug,McDermott,20
Dragan,Bender,24
Draymond,Green,10
Dwayne,Bacon,4
Dwight,Howard,4
Dwight,Powell,7
Dwyane,Wade,6
ETwaun,Moore,19
Ed,Davis,25
Ekpe,Udoh,29
Elfrid,Payton,22
Emmanuel,Mudiay,8
Enes,Kanter,20
Eric,Bledsoe,24
Eric,Gordon,11
Eric,Moreland,9
Ersan,Ilyasova,1
Evan,Fournier,22
Evan,Turner,25
Frank,Kaminsky,4
Frank,Mason,26
Frank,Ntilikina,20
Fred,VanVleet,28
Garrett,Temple,26
Gary,Harris,8
George,Hill,26
Gian,Clavell,7
Giannis,Antetokounmpo,17
Goran,Dragic,16
Gordon,Hayward,2
Gorgui,Dieng,18
Greg,Monroe,17
Guerschon,Yabusele,2
Harrison,Barnes,7
Hassan,Whiteside,16
Henry,Ellenson,9
Ian,Clark,19
Ian,Mahinmi,30
Ike,Anigbogu,12
Iman,Shumpert,6
Ish,Smith,9
J.J.,Barea,7
Jabari,Bird,2
Jae,Crowder,6
Jahlil,Okafor,23
JaKarr,Sampson,26
Jake,Layman,25
Jakob,Poeltl,28
Jamal,Crawford,18
Jamal,Murray,8
James,Ennis,15
James,Harden,11
James,Johnson,16
JaMychal,Green,15
Jarell,Martin,15
Jarrett,Allen,3
Jason,Smith,30
Jason,Terry,17
JaVale,McGee,10
JaVale,McGee,10
Jaylen,Brown,2
Jayson,Tatum,2
Jeff,Green,6
Jeff,Teague,18
Jeff,Withey,7
Jerami,Grant,21
Jeremy,Lamb,4
Jeremy,Lin,3
Jerian,Grant,5
Jerryd,Bayless,23
Jimmy,Butler,18
JJ,Redick,23
Jodie,Meeks,30
Joe,Harris,3
Joe,Ingles,29
Joe,Johnson,29
Joe,Young,12
Joel,Embiid,23
Joffrey,Lauvergne,27
John,Collins,1
John,Henson,17
John,Wall,30
Johnny,OBryant,4
Jon,Leuer,9
Jonas,Valanciunas,28
Jonathan,Isaac,22
Jonathon,Simmons,22
Jordan,Bell,10
Jordan,Clarkson,14
Jordan,Crawford,19
Jordan,Mickey,16
Jose,Calderon,6
Josh,Hart,14
Josh,Huestis,21
Josh,Jackson,24
Josh,Magette,1
Josh,Richardson,16
JR,Smith,6
Jrue,Holiday,19
Juan,Hernangomez,8
Julius,Randle,14
Julyan,Stone,4
Justin,Anderson,23
Justin,Holiday,5
Justin,Jackson,26
Justise,Winslow,16
Jusuf,Nurkic,25
Karl-Anthony,Towns,18
Kay,Felder,5
Kelly,Olynyk,16
Kelly,Oubre,30
Kemba,Walker,4
Kenneth,Faried,8
Kent,Bazemore,1
Kevin,Durant,10
Kevin,Love,6
Kevon,Looney,10
Khem,Birch,22
Khris,Middleton,17
Klay,Thompson,10
Kosta,Koufos,26
Kristaps,Porzingis,20
Kyle,Anderson,27
Kyle,Korver,6
Kyle,Kuzma,14
Kyle,Lowry,28
Kyle,OQuinn,20
Kyrie,Irving,2
LaMarcus,Aldridge,27
Lance,Stephenson,12
Lance,Thomas,20
Langston,Galloway,9
Larry,Nance,14
Lauri,Markkanen,5
LeBron,James,6
Lonzo,Ball,14
Lou,Williams,13
Luc,Mbah a Moute,11
Lucas,Nogueira,28
Luke,Babbitt,1
Luke,Kennard,9
Luol,Deng,14
Malachi,Richardson,26
Malcolm,Brogdon,17
Malcolm,Delaney,1
Malik,Beasley,8
Malik,Monk,4
Manu,Ginobili,27
Marc,Gasol,15
Marcin,Gortat,30
Marco,Belinelli,1
Marcus,Smart,2
Mario,Chalmers,15
Mario,Hezonja,22
Markelle,Fultz,23
Marquese,Chriss,24
Marreese,Speights,22
Marvin,Williams,4
Mason,Plumlee,8
Matthew,Dellavedova,17
Maurice,Harkless,25
Maxi,Kleber,7
Meyers,Leonard,25
Michael,Beasley,20
Mike,Conley,15
Mike,James,24
Mike,Muscala,1
Mike,Scott,30
Milos,Teodosic,13
Mirza,Teletovic,17
Montrezl,Harrell,13
Myles,Turner,12
Nemanja,Bjelica,18
Nene,Hil√°rio,11
Nerlens,Noel,7
Nick,Young,10
Nicolas,Brussino,1
Nik,Stauskas,23
Nikola,Jokic,8
Nikola,Vucevic,22
Norman,Powell,28
OG,Anunoby,28
Omri,Casspi,10
Otto,Porter,30
Pascal,Siakam,28
Pat,Connaughton,25
Patrick,Beverley,13
Patrick,McCaw,10
Patrick,Patterson,21
Patty,Mills,27
Pau,Gasol,27
Paul,George,21
Paul,Millsap,8
Paul,Zipser,5
PJ,Tucker,11
Quincy,Acy,3
Quincy,Pondexter,5
Quinn,Cook,10
Ramon,Sessions,20
Rashad,Vaughn,17
Raul,Neto,29
Raymond,Felton,21
Reggie,Jackson,9
Ricky,Rubio,29
Robert,Covington,23
Robin,Lopez,5
Rodney,Hood,29
Ron,Baker,20
Rondae,Hollis-Jefferson,3
Royce,ONeale,29
Rudy,Gay,27
Rudy,Gobert,29
Russell,Westbrook,21
Ryan,Anderson,11
Ryan,Arcidiacono,5
Salah,Mejri,7
Sam,Dekker,13
Semi,Ojeleye,2
Serge,Ibaka,28
Shabazz,Muhammad,18
Shabazz,Napier,25
Shane,Larkin,2
Shaun,Livingston,10
Shelvin,Mack,22
Sindarius,Thornwell,13
Skal,Labissiere,26
Spencer,Dinwiddie,3
Stanley,Johnson,9
Stephen,Curry,10
Sterling,Brown,17
Steven,Adams,21
T.J.,McConnell,23
Taj,Gibson,18
Tarik,Black,11
Taurean,Prince,1
Terrance,Ferguson,21
Terrence,Ross,22
Terry,Rozier,2
Thabo,Sefolosha,29
Thaddeus,Young,12
Thon,Maker,17
Tim,Frazier,30
Tim,Hardaway,20
Timofey,Mozgov,3
Timothe,Luwawu-Cabarrot,23
TJ,Leaf,12
TJ,Warren,24
Tobias,Harris,9
Tony,Allen,19
Tony,Snell,17
Treveon,Graham,4
Trevor,Ariza,11
Trevor,Booker,3
Trey,Lyles,8
Tristan,Thompson,6
Troy,Daniels,24
Troy,Williams,11
Tyler,Dorsey,1
Tyler,Ennis,14
Tyler,Johnson,16
Tyler,Ulis,24
Tyreke,Evans,15
Tyson,Chandler,24
Tyus,Jones,18
Victor,Oladipo,12
Vince,Carter,26
Wayne,Ellington,16
Wes,Iwundu,22
Wesley,Johnson,13
Wesley,Matthews,7
Will,Barton,8
Willie,Cauley-Stein,26
Willie,Reed,13
Willy,Hernangomez,20
Wilson,Chandler,8
Yogi,Ferrell,7
Zach,Collins,25
Zach,Randolph,26
Zaza,Pachulia,10
Zhou,Qi,11